Cami0;Camiseta;2;3.45;HOMBRE;S;/imagenes/camiseta.png;CAMISETA
Cami1;Camiseta;2;3.45;HOMBRE;S;/imagenes/camiseta.png;CAMISETA
Cami10;Camiseta;2;3.45;HOMBRE;S;/imagenes/camiseta.png;CAMISETA
Cami11;Camiseta;2;3.45;HOMBRE;S;/imagenes/camiseta.png;CAMISETA
Cami12;Camiseta;2;3.45;HOMBRE;S;/imagenes/camiseta.png;CAMISETA
Cami13;Camiseta;2;3.45;HOMBRE;S;/imagenes/camiseta.png;CAMISETA
Cami14;Camiseta;2;3.45;HOMBRE;S;/imagenes/camiseta.png;CAMISETA
Cami15;Camiseta;2;3.45;HOMBRE;S;/imagenes/camiseta.png;CAMISETA
Cami16;Camiseta;2;3.45;HOMBRE;S;/imagenes/camiseta.png;CAMISETA
Cami17;Camiseta;2;3.45;HOMBRE;S;/imagenes/camiseta.png;CAMISETA
Cami18;Camiseta;2;3.45;HOMBRE;S;/imagenes/camiseta.png;CAMISETA
Cami19;Camiseta;2;3.45;HOMBRE;S;/imagenes/camiseta.png;CAMISETA
Cami2;Camiseta;2;3.45;HOMBRE;S;/imagenes/camiseta.png;CAMISETA
Cami20;Camiseta;2;3.45;HOMBRE;S;/imagenes/camiseta.png;CAMISETA
Cami21;Camiseta;2;3.45;HOMBRE;S;/imagenes/camiseta.png;CAMISETA
Cami22;Camiseta;2;3.45;HOMBRE;S;/imagenes/camiseta.png;CAMISETA
Cami23;Camiseta;2;3.45;HOMBRE;S;/imagenes/camiseta.png;CAMISETA
Cami24;Camiseta;2;3.45;HOMBRE;S;/imagenes/camiseta.png;CAMISETA
Cami25;Camiseta;2;3.45;HOMBRE;S;/imagenes/camiseta.png;CAMISETA
Cami26;Camiseta;2;3.45;HOMBRE;S;/imagenes/camiseta.png;CAMISETA
Cami27;Camiseta;2;3.45;HOMBRE;S;/imagenes/camiseta.png;CAMISETA
Cami28;Camiseta;2;3.45;HOMBRE;S;/imagenes/camiseta.png;CAMISETA
Cami29;Camiseta;2;3.45;HOMBRE;S;/imagenes/camiseta.png;CAMISETA
Cami3;Camiseta;2;3.45;HOMBRE;S;/imagenes/camiseta.png;CAMISETA
Cami30;Camiseta;2;3.45;HOMBRE;S;/imagenes/camiseta.png;CAMISETA
Cami31;Camiseta;2;3.45;HOMBRE;S;/imagenes/camiseta.png;CAMISETA
Cami32;Camiseta;2;3.45;HOMBRE;S;/imagenes/camiseta.png;CAMISETA
Cami33;Camiseta;2;3.45;HOMBRE;S;/imagenes/camiseta.png;CAMISETA
Cami34;Camiseta;2;3.45;HOMBRE;S;/imagenes/camiseta.png;CAMISETA
Cami35;Camiseta;2;3.45;HOMBRE;S;/imagenes/camiseta.png;CAMISETA
Cami36;Camiseta;2;3.45;HOMBRE;S;/imagenes/camiseta.png;CAMISETA
Cami37;Camiseta;2;3.45;HOMBRE;S;/imagenes/camiseta.png;CAMISETA
Cami38;Camiseta;2;3.45;HOMBRE;S;/imagenes/camiseta.png;CAMISETA
Cami39;Camiseta;2;3.45;HOMBRE;S;/imagenes/camiseta.png;CAMISETA
Cami4;Camiseta;2;3.45;HOMBRE;S;/imagenes/camiseta.png;CAMISETA
Cami40;Camiseta;2;3.45;HOMBRE;S;/imagenes/camiseta.png;CAMISETA
Cami41;Camiseta;2;3.45;HOMBRE;S;/imagenes/camiseta.png;CAMISETA
Cami42;Camiseta;2;3.45;HOMBRE;S;/imagenes/camiseta.png;CAMISETA
Cami43;Camiseta;2;3.45;HOMBRE;S;/imagenes/camiseta.png;CAMISETA
Cami44;Camiseta;2;3.45;HOMBRE;S;/imagenes/camiseta.png;CAMISETA
Cami45;Camiseta;2;3.45;HOMBRE;S;/imagenes/camiseta.png;CAMISETA
Cami46;Camiseta;2;3.45;HOMBRE;S;/imagenes/camiseta.png;CAMISETA
Cami47;Camiseta;2;3.45;HOMBRE;S;/imagenes/camiseta.png;CAMISETA
Cami48;Camiseta;2;3.45;HOMBRE;S;/imagenes/camiseta.png;CAMISETA
Cami49;Camiseta;2;3.45;HOMBRE;S;/imagenes/camiseta.png;CAMISETA
Cami5;Camiseta;2;3.45;HOMBRE;S;/imagenes/camiseta.png;CAMISETA
Cami6;Camiseta;2;3.45;HOMBRE;S;/imagenes/camiseta.png;CAMISETA
Cami7;Camiseta;2;3.45;HOMBRE;S;/imagenes/camiseta.png;CAMISETA
Cami8;Camiseta;2;3.45;HOMBRE;S;/imagenes/camiseta.png;CAMISETA
Cami9;Camiseta;2;3.45;HOMBRE;S;/imagenes/camiseta.png;CAMISETA
